{
  "tweets": [
    {
      "id": "1",
      "author_id": "johnsmith",
      "text": "What are the pros of object-oriented programming?<br><br>Please, explain as if I'm 5."
    },
    {
      "text": "abc",
      "author_id": "john-santiago",
      "id": "YhQzxcQ"
    },
    {
      "text": "aha",
      "author_id": "aline",
      "id": "NkzXqx_"
    },
    {
      "text": "king",
      "author_id": "aline",
      "id": "eU5CxNU"
    }
  ],
  "users": [
    {
      "id": "johnsmith",
      "fullname": "John Smith",
      "email": "johnsmith@gmail.com",
      "password": "12345678"
    },
    {
      "id": "john-santiago",
      "fullname": "Johnathan Santiago",
      "email": "john-santiago@gmail.com",
      "password": "12345678"
    },
    {
      "id": "aline",
      "fullname": "Aline Briane",
      "email": "aline@gmail.com",
      "password": "12345678"
    }
  ]
}